{
  "status": 1,
  "data": {
    "Smoking": {
      "levels": [
        "no",
        "yes"
      ],
      "probability": [
        0.499496475327291,
        0.500503524672709
      ]
    },
    "M. Work": {
      "levels": [
        "no",
        "yes"
      ],
      "probability": [
        0.8751258811681772,
        0.12487411883182276
      ]
    },
    "Proteins": {
      "levels": [
        "<3",
        ">3"
      ],
      "probability": [
        0.6062437059415912,
        0.39375629405840884
      ]
    },
    "Family": {
      "levels": [
        "neg",
        "pos"
      ],
      "probability": [
        0.8610271903323263,
        0.13897280966767372
      ]
    }
  }
}
